timestamp,lat,lon
1727781081,43.76268961271464,38.88475209261739
1727788813,44.35002710661464,38.26508122471739
1727788829,44.34963800751464,38.26124363921739
1727788826,44.34971811611464,38.261979875817396
1727787064,44.127012275014636,38.39066105871739
1727787074,44.12842752771464,38.39036351231739
1727787081,44.12938883141464,38.39017659211739
1727787091,44.13097574551464,38.389978227917396
1727745601,43.70320322351464,39.003045854817394
1727787294,44.15881540611464,38.40317708041739
1727787308,44.160444281914636,38.40501194981739
1727787315,44.16098978361464,38.40553837801739
1727787318,44.16121103601464,38.405572710317394
1727787321,44.16164209681464,38.405294237417394
1727787328,44.16250421841464,38.40466481231739
1727787340,44.16411402061464,38.403482256217394
1727763777,43.70320322351464,39.003045854817394
1727727389,43.70306970911464,39.00310689001739
1727788892,44.34826090171464,38.245652971517394
1727788902,44.34812357261464,38.24308186561739
1727788906,44.34811594331464,38.242093859017395
1727789188,44.35109522181464,38.20955067661739
1727789204,44.35129740081464,38.20834904701739
1727758502,43.70320322351464,39.003045854817394
1727799416,44.26134683921464,36.898114977117395
1727782708,43.90103723841464,38.88998204261739
1727782720,43.90188410121464,38.891679582817396
1727782724,43.90222360931464,38.891931352917396
1727782729,43.902681372914635,38.89180165321739
1727782750,43.905195258414636,38.89041310331739
1727799420,44.26093103721464,36.89764195471739
1727799438,44.25903513271464,36.896020708317394
1727799441,44.25873377161464,36.89570408851739
1727799465,44.25713922821464,36.892602739617395
1727799514,44.25301554041464,36.88675480871739
1727800235,44.22899820641464,36.810663042317394
1727802096,44.11820795371464,36.809755144417394
1727794501,44.25980188691464,37.61538868931739
1727788029,44.270357154214636,38.357427416117396
1727788063,44.275312445914636,38.35355549841739
1727802104,44.11779978111464,36.80867558501739
1727802108,44.117475531914636,36.80830555941739
1727802115,44.11686518031464,36.80790501621739
1727802123,44.11608316741464,36.80751591711739
1727802129,44.11572458581464,36.80700474761739
1727802143,44.11495401701464,36.80555516271739
1727802139,44.11522867521464,36.80582219151739
1727802145,44.11478998501464,36.805463609917396
1727799766,44.25038721401464,36.85159474401739
1727790781,44.32913019501464,38.068921861917396
1727799770,44.25053217251464,36.851030168817395
1727799773,44.25053217251464,36.850587663917395
1727736925,43.70306970911464,39.00310689001739
1727768719,43.70326807341464,39.003118334117396
1727753627,43.70320322351464,39.003045854817394
1727776881,43.759824775014636,38.86985569981739
1727776885,43.75958826381464,38.870233354817394
1727783737,44.00574686371464,38.837690172417396
1727783755,44.006124518714635,38.834939775717395
1727783781,44.00688745811464,38.82979374911739
1727786345,44.08984567961464,38.466874895317396
1727786370,44.090131781914636,38.46645909331739
1727777223,43.760103247914635,38.90098362951739
1727734646,43.70306970911464,39.00310689001739
1727796452,44.25469019251464,37.34950810461739
1727796458,44.25407984101464,37.348890123617394
1727796467,44.25310327851464,37.348050890217394
1727796478,44.25172998741464,37.347074327717394
1727796489,44.25055506071464,37.346380052817395
1727793882,44.25572397551464,37.72354680091739
1727793899,44.25521280601464,37.720845995217395
1727788578,44.34300424891464,38.29783803011739
1727726189,43.70306970911464,39.00310689001739
1727782000,43.842134497914635,38.928178606317395
1727782005,43.84227945641464,38.92759114291739
1727796096,44.25915720301464,37.401693163217395
1727794100,44.260664008414636,37.68216877961739
1727794094,44.26051904991464,37.68314152741739
1727794109,44.261007331214635,37.68060856841739
1727794114,44.26112940151464,37.679765520317396
1727764527,43.70320322351464,39.003045854817394
1727796098,44.25919153531464,37.40128499061739
1727796101,44.25926401451464,37.400697527217396
1727796117,44.25937082611464,37.3972337821174
1727748272,43.70320322351464,39.003045854817394
1727731912,43.70306970911464,39.00310689001739
1727797165,44.29144098601464,37.248929796517395
1727747672,43.70320322351464,39.003045854817394
1727797175,44.29224588711464,37.246888933417395
1727797184,44.29272653901464,37.245305834117396
1727797214,44.29485895471464,37.239682970317396
1727746632,43.70320322351464,39.003045854817394
1727807809,44.11827280361464,36.75814991981739
1727787638,44.21181299531464,38.39542561561739
1727764891,43.70320322351464,39.003045854817394
1727796247,44.26290323571464,37.371076402917396
1727791465,44.29136850671464,38.01108342201739
1727791466,44.29134561851464,38.01101857211739
1727791470,44.29134561851464,38.01087742831739
1727796255,44.26321222621464,37.369542894617396
1727802469,44.10878565151464,36.78025990511739
1727802471,44.10875131921464,36.78016453771739
1727802474,44.10878565151464,36.78003102331739
1727802477,44.10890772181464,36.779992876317394
1727802488,44.10977747281464,36.780320940317395
1727802491,44.11005213101464,36.78033238441739
1727802497,44.110551856314636,36.780198870017394
1727802501,44.11081125581464,36.779859361917396
1727802514,44.11160852751464,36.77828389191739
1727802517,44.11182596521464,36.77797108671739
1727802519,44.11195947961464,36.7777917960174
1727802522,44.11208154991464,36.777559099417395
1727802523,44.11208917931464,36.777467546717396
1727802526,44.11208154991464,36.7771890738174
1727786438,44.09298899011464,38.45476704621739
1727736025,43.70306970911464,39.00310689001739
1727804810,44.11827280361464,36.75814991981739
1727756085,43.70320322351464,39.003045854817394
1727795868,44.25234033901464,37.445173082617394
1727795873,44.25255014741464,37.444642839717396
1727782471,43.87453272181464,38.89177876501739
1727782502,43.87827493981464,38.89088994051739
1727782515,43.879846595114635,38.88976079011739
1727782488,43.87667276701464,38.89177113561739
1727782498,43.87783624961464,38.89125233671739
1727723748,43.70306970911464,39.00310689001739
1727800652,44.19347574551464,36.83923131011739
1727800655,44.19323160491464,36.83934956581739
1727800674,44.19144251191464,36.840406236917396
1727798632,44.27414896331464,37.022580919517395
1727798636,44.27393534021464,37.022069750117396
1727798653,44.27273371061464,37.020250139517394
1727798344,44.27679254851464,37.068761644617396
1727798355,44.276216529214636,37.06687718421739
1727798367,44.27555658661464,37.064893541617394
1727798372,44.27549173671464,37.064016161217396
1727798396,44.27573587731464,37.059995470317396
1727798480,44.27405741051464,37.047571001317394
1727798511,44.27394678431464,37.042043505017396
1727797481,44.308794043814636,37.19769459751739
1727769019,43.70326807341464,39.003118334117396
1727785097,44.05278589561464,38.655671892417395
1727785110,44.05470850311464,38.65547734291739
1727785112,44.054887793814636,38.655435381217394
1727785114,44.05524256071464,38.65524464631739
1727785124,44.05652048431464,38.65424901031739
1727785146,44.05913355191464,38.65095692661739
1727791213,44.29513742761464,38.019372759117395
1727785655,44.09032633141464,38.57896977451739
1727796376,44.26263239221464,37.355729875817396
1727796389,44.26144602141464,37.354375658317394
1727796426,44.25748255091464,37.351426897317396
1727796428,44.25728037201464,37.35123616241739
1727786706,44.11065485321464,38.39998417881739
1727786715,44.11096384361464,38.398694811117394
1727786720,44.11119272551464,38.398156938817394
1727786728,44.11142160731464,38.397393999317394
1727781125,43.76104547821464,38.879300890217394
1727785585,44.09056284271464,38.59244328521739
1727785587,44.09038355191464,38.59228306791739
1727785598,44.08960916831464,38.59071522741739
1727785601,44.08965113001464,38.59025364901739
1727785614,44.09009744961464,38.587896166117396
1727785629,44.09057810151464,38.58469944981739
1727781720,43.807954810414635,38.90636235261739
1727781739,43.809793494514636,38.90940266631739
1727781762,43.81207086881464,38.91344624541739
1727781798,43.81681635221464,38.917554674417396
1727781817,43.82003214201464,38.91824513461739
1727781846,43.82427027061464,38.921296892417395
1727781784,43.81489755951464,38.91665822051739
1727781794,43.81627847991464,38.91740208651739
1727781796,43.816556952814636,38.917505083317394
1727781855,43.82561304411464,38.92217045811739
1727781890,43.83084680871464,38.925599870917395
1727781898,43.832017920814636,38.92634755161739
1727781907,43.833368323614636,38.92693882971739
1727781915,43.83463861781464,38.927388963917394
1727781932,43.83746149381464,38.92836171171739
1727781949,43.84031870201464,38.92925435091739
1727781957,43.84136774381464,38.92956334141739
1727781963,43.84169580781464,38.92968159701739
1727781966,43.84174158411464,38.92970067051739
1727791216,44.295072577814636,38.01919728301739
1727791225,44.294931434014636,38.01894551301739
1727791233,44.294908545814636,38.018949327717394
1727795875,44.25264170011464,37.444459734217396
1727787701,44.222246192314635,38.39275151281739
1727787705,44.22293665251464,38.392629442517396
1727795885,44.25314524011464,37.44332676911739
1727795889,44.25338938081464,37.442846117317394
1727795910,44.25476267181464,37.43954258941739
1727792379,44.25913431481464,37.87585621861739
1727785239,44.06914331751464,38.64208012611739
1727785257,44.07082178431464,38.638929186117394
1727785261,44.07100107511464,38.637834368017394
1727773035,43.703111670814636,39.0031488516174
1727744578,43.70320322351464,39.003045854817394
1727776924,43.758798621514636,38.87415867831739
1727776928,43.75869562461464,38.874837694417394
1727776942,43.758474372214636,38.876489458317394
1727776944,43.75856592491464,38.876600084617394
1727776946,43.75870325401464,38.876649675617394
1727738275,43.70306970911464,39.00310689001739
1727790953,44.315652869514636,38.05009633091739
1727790954,44.31560327851464,38.050020036917395
1727790958,44.31540872891464,38.04971867591739
1727786590,44.10009958581464,38.42096119911739
1727786611,44.10175134971464,38.41636067411739
1727786614,44.10204508141464,38.415761766717395
1727786618,44.10251047451464,38.41514378571739
1727783255,43.96853449181464,38.86813145661739
1727783295,43.97416498501464,38.870260057717395
1727801311,44.167215369514636,36.88493519811739
1727801319,44.16693689661464,36.884771166117396
1727801315,44.16707804041464,36.88496190101739
1727801357,44.16536905601464,36.881353197317395
1727801363,44.16514017421464,36.88083439851739
1727801367,44.16496851281464,36.88047581701739
1727801397,44.16380503021464,36.87776356721739
1727792382,44.25893213591464,37.87536412261739
1727792399,44.257059119514636,37.87308674841739
1727787230,44.15088083581464,38.396089372917395
1727785744,44.09011652311464,38.5584390738174
1727785749,44.09042551361464,38.55747395541739
1727785755,44.09100153291464,38.556440172417396
1727785775,44.09379389131464,38.553228197317395
1727785781,44.09433176361464,38.55228596711739
1727785791,44.09485056241464,38.550042925117395
1727788409,44.32077219331464,38.31514149691739
1727788417,44.32190134361464,38.314317522317396
1727788447,44.32611658411464,38.310941515217394
1727794053,44.25995447471464,37.690572557717395
1727732812,43.70306970911464,39.00310689001739
1727784046,44.00585367521464,38.788247881217394
1727777673,43.760103247914635,38.90098362951739
1727787122,44.13646128021464,38.39091664341739
1727787124,44.13671305021464,38.39108449011739
1727787128,44.13726618131464,38.39154225371739
1727787162,44.14135172211464,38.39473897001739
1727787165,44.14176752411464,38.394769487617395
1727796523,44.24730875331464,37.34178334261739
1727796528,44.24711420371464,37.340864000617394
1727796533,44.24683573081464,37.33990651161739
1727796546,44.24650385221464,37.33829670931739
1727796550,44.24630930261464,37.33752995521739
1727782576,43.88760187461464,38.88622456581739
1727782607,43.89197733241464,38.88638859771739
1727782617,43.89343454681464,38.886461077017394
1727784090,44.010076545114636,38.78693944001739
1727784093,44.01028253871464,38.78666096711739
1727784095,44.010355018014636,38.786413011817395
1727784098,44.010290168114636,38.78600483921739
1727784103,44.01014139491464,38.78551655791739
1727760901,43.70320322351464,39.003045854817394
1727781250,43.76015283901464,38.869397936117394
1727781258,43.761079810414635,38.86942845371739
1727781277,43.76280405361464,38.86903172521739
1727781283,43.76336481411464,38.86904316931739
1727781182,43.75840952241464,38.87595158601739
1727781191,43.75874521571464,38.87456685091739
1727781197,43.759012244514636,38.87369328521739
1727781204,43.75928690271464,38.872724352117395
1727800383,44.21564295131464,36.81350880651739
1727800384,44.21553232511464,36.813524065317395
1727800423,44.21142771081464,36.81405049351739
1727800420,44.21167185151464,36.813875017417395
1727800427,44.21117594081464,36.81448536901739
1727800430,44.21100427941464,36.81479435951739
1727800433,44.21085169151464,36.815130052817395
1727778322,43.760103247914635,38.90098362951739
1727749482,43.70320322351464,39.003045854817394
1727807510,44.11827280361464,36.75814991981739
1727800377,44.21635248501464,36.813272295217395
1727772929,43.70316889131464,39.003141222217394
1727778922,43.760103247914635,38.90098362951739
1727728889,43.70306970911464,39.00310689001739
1727793737,44.254545234014635,37.743207750617394
1727793739,44.25453760461464,37.743089495017394
1727793763,44.25439646081464,37.740934191017395
1727793778,44.25376322111464,37.73969059971739
1727793393,44.32830622041464,37.786069689017395
1727793396,44.32774545991464,37.78558522251739
1727790421,44.362455390314636,38.09579258941739
1727728900,43.70306970911464,39.00310689001739
1727728901,43.70306970911464,39.00310689001739
1727801847,44.13849451381464,36.834222612617395
1727806910,44.11827280361464,36.75814991981739
1727723148,43.70306970911464,39.00310689001739
1727789508,44.35554697351464,38.173787889717396
1727771903,43.70316889131464,39.00313740751739
1727797244,44.29683115321464,37.23359852821739
1727797269,44.29847147301464,37.22932606721739
1727797276,44.29890634851464,37.228261766717395
1727724798,43.70306970911464,39.00310689001739
1727724816,43.70306970911464,39.00310689001739
1727781471,43.78208353361464,38.876470384817395
1727750382,43.70320322351464,39.003045854817394
1727790242,44.36595346771464,38.099401293017394
1727790278,44.36947061851464,38.102163133917394
1727790282,44.36976053551464,38.10241490391739
1727781631,43.79922296841464,38.892484484017395
1727781637,43.800165198614636,38.892839250817396
1727781640,43.80045130091464,38.893178758917394
1727781645,43.80073740321464,38.893998918817395
1727781651,43.80108454071464,38.89517003081739
1727781654,43.801443122214636,38.895627794517395
1727781661,43.80219080291464,38.89683323881739
1727807659,44.11827280361464,36.75814991981739
1727792875,44.30816461881464,37.85067158721739
1727792884,44.310812018714635,37.849981127017394
1727792892,44.31256677941464,37.84942036651739
1727792917,44.31673624351464,37.846753893117395
1727792924,44.31796457611464,37.84562092811739
1727735640,43.70306970911464,39.00310689001739
1727783631,43.99955561001464,38.85232716581739
1727783632,43.99960520111464,38.852163133917394
1727783637,44.00002100311464,38.851404009117395
1727783644,44.000566504814635,38.85036259681739
1727783645,44.000661872214636,38.85019856481739
1727783656,44.00168802581464,38.84841710121739
1727783669,44.00290109951464,38.84586125401739
1727786813,44.11251261071464,38.38901310951739
1727786848,44.11402323081464,38.38647633581739
1727786858,44.114244483314636,38.38543492341739
1727801852,44.13804056481464,36.83386403111739
1727801885,44.13494684541464,36.83176594761739
1727801899,44.13413431481464,36.830266771617396
1727801898,44.13420679411464,36.83034306551739
1727797374,44.30188944181464,37.21374302891739
1727797381,44.30216791471464,37.212732134117395
1727797323,44.30032160121464,37.22092610381739
1727797337,44.30062296231464,37.21908360511739
1727784241,44.00940897301464,38.77396946931739
1727799349,44.26862146691464,36.90551930451739
1727799364,44.26734354331464,36.90360814121739
1727799366,44.26711847621464,36.90335255651739
1727799388,44.26429178551464,36.901346025717395
1727758802,43.70320322351464,39.003045854817394
1727784251,44.00974466641464,38.77310353301739
1727784255,44.00954248741464,38.77286702181739
1727784261,44.00895502411464,38.77243596101739
1727784276,44.00756265961464,38.771409807517394
1727784280,44.00723841031464,38.77117711091739
1727784284,44.00704386071464,38.770932970317396
1727784286,44.00699426971464,38.77078419711739
1727736625,43.70306970911464,39.00310689001739
1727782780,43.90910913781464,38.887697038917395
1727782788,43.90993311241464,38.8871667960174
1727782799,43.91113474211464,38.88638859771739
1727796631,44.24765207611464,37.322896776417394
1727777025,43.76260187461464,38.885583696617395
1727796673,44.25032236421464,37.31667119051739
1727800250,44.22757532441464,36.80923634551739
1727800258,44.22685816131464,36.80880147001739
1727800266,44.226175330514636,36.80840092681739
1727800285,44.224596045814636,36.807596025717395
1727800287,44.22441675501464,36.807573137517394
1727800292,44.22400095301464,36.807645616817396
1727800307,44.22292902311464,36.808732805517394
1727786377,44.09021189051464,38.465944109217396
1727777053,43.76281168301464,38.8903978446174
1727786385,44.09045603111464,38.46525364901739
1727786396,44.09109308561464,38.463609514517394
1727786399,44.09126474701464,38.46306782751739
1727786412,44.092020057014636,38.46062260651739
1727777062,43.76271631561464,38.891946611717394
1727777064,43.76263239221464,38.892301378517395
1727777068,43.76245310151464,38.89294224761739
1727802293,44.11344721161464,36.79107075721739
1727792686,44.23706247651464,37.833242235417394
1727792683,44.23708154991464,37.833547411217396
1727792723,44.23886301361464,37.8288744071174
1727792736,44.24044229821464,37.827821550617394
1727792742,44.24109079681464,37.82745915441739
1727792745,44.241434119514636,37.82728367831739
1727798718,44.27444269501464,37.01093846351739
1727798722,44.27455713591464,37.01047688511739
1727798727,44.27482416471464,37.00993519811739
1727798736,44.275541327814636,37.00913792631739
1727798745,44.27604486781464,37.007951555517394
1727802303,44.11358454071464,36.789964495017394
1727802307,44.113641761114636,36.78954869291739
1727802310,44.113546393714635,36.789300737617395
1727802321,44.11288645111464,36.788526354117394
1727802328,44.11251261071464,36.787908373117396
1727802331,44.11249353721464,36.78765278841739
1727802335,44.11269953091464,36.78749257111739
1727802337,44.11285211881464,36.787576494517396
1727789135,44.35106088951464,38.210290727917396
1727789137,44.35106088951464,38.210290727917396
1727789145,44.35098841031464,38.209802446617395
1727789150,44.35098078091464,38.20963078521739
1727789154,44.35104563081464,38.209592638317396
1727789156,44.35106088951464,38.209585008917394
1727784112,44.009824775014636,38.78477269201739
1727798069,44.28861811001464,37.111078081417396
1727790557,44.34816553431464,38.08462697051739
1727801427,44.16238214811464,36.87475758581739
1727801468,44.16032984101464,36.87010746981739
1727801472,44.16020777061464,36.86959248571739
1727801474,44.16015817961464,36.869306383417396
1727746782,43.70320322351464,39.003045854817394
1727737075,43.70306970911464,39.00310689001739
1727784117,44.009775184014636,38.78410893461739
1727784122,44.00974466641464,38.78324299841739
1727784125,44.00958063441464,38.782827196417394
1727784135,44.008939765314636,38.781694231317395
1727784142,44.008752845114635,38.78092366241739
1727802589,44.10835459071464,36.772744951517396
1727802592,44.10832788781464,36.772584734217396
1727802593,44.10835459071464,36.772538957817396
1727802595,44.108407996514636,36.772489366817396
1727802596,44.10843469941464,36.772489366817396
1727802604,44.108850501414636,36.77280980131739
1727802612,44.10923960051464,36.77312260651739
1727802619,44.10954096161464,36.77293950111739
1727802621,44.10950662931464,36.77279454261739
1727802624,44.10940363251464,36.772580919517395
1727802631,44.10901834801464,36.7719324210174
1727802636,44.108850501414636,36.77142506621739
1727787821,44.24004938441464,38.38273030311739
1727787838,44.24202158291464,38.38078099281739
1727808559,44.11827280361464,36.75814991981739
1727787812,44.23899271331464,38.383794603617396
1727788649,44.35158350311464,38.292157945917396
1727790837,44.32378198941464,38.06277256991739
1727790882,44.31991770111464,38.05707341221739
1727790898,44.31853296601464,38.05479985261739
1727784386,44.01287653291464,38.760278520817394
1727784399,44.01287653291464,38.760278520817394
1727796682,44.25110819181464,37.315450487417394
1727796693,44.25204660731464,37.313920793817395
1727796735,44.25341989831464,37.30809956581739
1727796718,44.25318338711464,37.310293016717395
1727788652,44.351923011114636,38.292154131217394
1727788655,44.35229685151464,38.292108354817394
1727788659,44.35271265351464,38.291814623117396
1727788661,44.35286905601464,38.291650591117396
1727788666,44.35315897301464,38.29110127471739
1727788696,44.35439874961464,38.287465868217396
1727781409,43.77731516201464,38.87431889561739
1727800573,44.20032694181464,36.832292375817396
1727796804,44.25819971401464,37.30009251621739
1727796835,44.26090051971464,37.29931431791739
1727801969,44.128129981314636,36.82299977331739
1727802533,44.11190988861464,36.77638035801739
1727802535,44.11181070641464,36.77622014071739
1727802550,44.110712073614636,36.775213060617396
1727802565,44.10967829071464,36.77430516271739
1727802575,44.10909464201464,36.77352696441739
1727762251,43.70320322351464,39.003045854817394
1727801976,44.12757303551464,36.82218724281739
1727801980,44.12719156581464,36.821801958317394
1727801993,44.12586405121464,36.82048588781739
1727801999,44.12543299041464,36.81967335731739
1727802025,44.12327768641464,36.81628209141739
1727776761,43.77445795371464,38.87271290801739
1727738575,43.70306970911464,39.00310689001739
1727776770,43.77330972991464,38.871892748117396
1727776776,43.77263452851464,38.87120610261739
1727776784,43.771821997914635,38.870416460317394
1727776785,43.77171518641464,38.870328722217394
1727776788,43.77135660491464,38.87018376371739
1727776819,43.76752283411464,38.86945897131739
1727790478,44.35692789391464,38.09152775791739
1727790492,44.355478309014636,38.09042149571739
1727790527,44.351762793814636,38.087358293817395
1727731647,43.70306970911464,39.00310689001739
1727796578,44.245569251414636,37.332593736917396
1727796593,44.245317481314636,37.329362688317396
1727796603,44.24571420991464,37.32763081581739
1727796606,44.24590113001464,37.32714253451739
1727796610,44.246080420814636,37.32650929481739
1727791303,44.29355051361464,38.01598530791739
1727775724,43.79347803431464,38.95499974281739
1727757902,43.70320322351464,39.003045854817394
1727775727,43.79410364471464,38.955198107017395
1727775732,43.79497339561464,38.955659685417395
1727775734,43.79532434781464,38.95569020301739
1727775736,43.79567529991464,38.95563298251739
1727775737,43.795862220114635,38.95558339141739
1727753777,43.70320322351464,39.003045854817394
1727724966,43.70306970911464,39.00310689001739
1727724975,43.70306970911464,39.00310689001739
1727792933,44.31958963711464,37.84411412261739
1727792937,44.32024195031464,37.84337025671739
1727792943,44.32123377161464,37.84230214141739
1727722698,43.70306970911464,39.00310689001739
1727733147,43.70306970911464,39.00310689001739
1727795132,44.25658609711464,37.53877430941739
1727795173,44.258337043114636,37.53112965611739
1727779191,43.760103247914635,38.90098362951739
1727774871,43.70328333221464,39.003537950817396
1727774874,43.70326807341464,39.003629503517395
1727783000,43.93932535491464,38.87035923981739
1727783007,43.93966104821464,38.86937123321739
1727783015,43.93997003871464,38.86815434481739
1727783018,43.93995096521464,38.867749986917396
1727783015,43.93997003871464,38.86815434481739
1727783018,43.93995096521464,38.867749986917396
1727781687,43.80486109101464,38.901185808417395
1727781696,43.80591776211464,38.902421770317396
1727733447,43.70306970911464,39.00310689001739
1727725439,43.70306970911464,39.00310689001739
1727788340,44.31097223601464,38.322637377017394
1727788370,44.31551554041464,38.319272814017395
1727756985,43.70320322351464,39.003045854817394
1727795074,44.25113489471464,37.548150835317394
1727795092,44.25310327851464,37.5447671988174
1727786190,44.087877295814636,38.47611790681739
1727785334,44.07589151701464,38.62517338781739
1727785343,44.07668115931464,38.623231706917394
1727785350,44.07732965791464,38.621839342417395
1727786192,44.08783533411464,38.47572117831739
1727786195,44.087854407614635,38.475099382617394
1727786204,44.087949775014636,38.4734056571174
1727785360,44.07821085291464,38.62017231971739
1727786216,44.08825876551464,38.47101384191739
1727786224,44.08863260581464,38.469774065317395
1727786234,44.08923532801464,38.468381700817396
1727785387,44.07885935151464,38.61518651031739
1727790623,44.34035303431464,38.07865315461739
1727748422,43.70320322351464,39.003045854817394
1727782567,43.88638880091464,38.886537370917395
1727782573,43.88720133141464,38.88633137731739
1727790650,44.33782007531464,38.07788258581739
1727790654,44.33744623501464,38.07767277741739
1727764677,43.70320322351464,39.003045854817394
1727782532,43.88199426971464,38.88886815101739
1727782533,43.882123969414636,38.8888185599174
1727782539,43.88299372041464,38.88842946081739
1727782540,43.88314249351464,38.88833409331739
1727782547,43.88397028291464,38.88775044471739
1727782550,43.88430597621464,38.88750630401739
1727762551,43.70320322351464,39.003045854817394
1727775767,43.802583716714636,38.953264055517394
1727800808,44.18371774991464,36.85315114051739
1727800868,44.179021857614636,36.859121141717395
1727749171,43.70320322351464,39.003045854817394
1727775813,43.81234171231464,38.951082048717396
1727775826,43.814043067314635,38.948900041817396
1727775830,43.81464197471464,38.94890767121739
1727775982,43.81731989221464,38.949247179317396
1727776055,43.82015421231464,38.9489915946174
1727776096,43.82913019501464,38.95002537751739
1727776102,43.83026697471464,38.95011693031739
1727776104,43.83061029751464,38.950017748117396
1727776107,43.83104898771464,38.949590502017394
1727776117,43.832368872914635,38.94779759431739
1727776127,43.83444406831464,38.94674092321739
1727776140,43.83720972381464,38.94596272491739
1727776150,43.839132331214635,38.944478807717395
1727749782,43.70320322351464,39.003045854817394
1727735490,43.70306970911464,39.00310689001739
1727782159,43.84970285731464,38.903665361717394
1727806310,44.11827280361464,36.75814991981739
1727797732,44.31102182701464,37.155458269417394
1727797762,44.30963709191464,37.151025591117396
1727785161,44.06017496421464,38.64813023591739
1727785181,44.06058313691464,38.644326982717395
1727785184,44.06094171841464,38.64391881011739
1727785187,44.06133844691464,38.643602190317395
1727785188,44.06147959071464,38.643537340417396
1727785192,44.06205561001464,38.64342671421739
1727785207,44.06420328461464,38.64323979401739
1727785949,44.10307123501464,38.51654225371739
1727785962,44.10362436611464,38.51375752471739
1727785965,44.10356714561464,38.51315098791739
1727785967,44.10342981651464,38.512719927117395
1727785971,44.10315134361464,38.51189595251739
1727785977,44.10267069181464,38.5105875113174
1727785980,44.10248377161464,38.50996953041739
1727785984,44.10235407191464,38.509088335317394
1727785993,44.10195734341464,38.507180986717394
1727788778,44.351247809714636,38.272767839717396
1727782164,43.85009195641464,38.90335637121739
1727782166,43.85022928551464,38.90319233921739
1727782184,43.85198786101464,38.901300249317394
1727734946,43.70306970911464,39.00310689001739
1727782209,43.85460855801464,38.8986566641174
1727781220,43.75940134361464,38.87166005161739
1727781224,43.75944330531464,38.87132435821739
1727781226,43.759428046514635,38.87117558501739
1727781233,43.75958826381464,38.87080174471739
1727795203,44.25859644251464,37.52561360381739
1727799086,44.28163721401464,36.946153459817396
1727799089,44.281610511114636,36.94556218171739
1727799103,44.28113748871464,36.942922411217396
1727799110,44.28073313081464,36.941785631417396
1727799114,44.28045465791464,36.9411790946174
1727799130,44.27947046601464,36.938916979117394
1727734346,43.70306970911464,39.00310689001739
1727762101,43.70320322351464,39.003045854817394
1727795214,44.25865366301464,37.52378254911739
1727795253,44.25980951631464,37.51675206211739
1727795257,44.25987436611464,37.516088304817394
1727792318,44.25938608491464,37.88866215731739
1727795446,44.25632669761464,37.48425465611739
1727795450,44.25602533661464,37.483682451517396
1727795455,44.25563623741464,37.483026323617395
1727792331,44.25932886441464,37.885701952217396
1727792335,44.259450934714636,37.88485508941739
1727792343,44.25940897301464,37.88314610511739
1727792358,44.259450934714636,37.879979906317395
1727795459,44.25529291471464,37.482545671717396
1727795460,44.255193732614636,37.482442674917394
1727795466,44.25455286341464,37.481817064517394
1727795493,44.252012275014636,37.479055223717396
1727795496,44.25176050501464,37.47875767731739
1727792369,44.25945856411464,37.877584276417394
1727769385,43.70326807341464,39.003118334117396
1727800767,44.18680384001464,36.849309740317395
1727782403,43.87063410121464,38.894903002017394
1727782405,43.87067224821464,38.894834337517395
1727782418,43.87042047821464,38.893815813317396
1727782426,43.87034799891464,38.893041429817394
1727782433,43.87062647181464,38.89268666291739
1727782448,43.87192728361464,38.89242726351739
1727782455,43.87273981411464,38.89222889921739
1727800778,44.18614389741464,36.850145159017394
1727757317,43.70320322351464,39.003045854817394
1727797417,44.30353357631464,37.207494554817394
1727797448,44.30601694421464,37.202939806217394
1727797451,44.30626871421464,37.202451525017395
1727785264,44.07080271081464,38.637159166617394
1727785272,44.07082941371464,38.63562184361739
1727785274,44.07098200161464,38.635305223717396
1727785285,44.071741126414636,38.633832750617394
1727785300,44.07289697961464,38.63136845611739
1727785325,44.07495310151464,38.62689763091739
1727765791,43.70320322351464,39.003045854817394
1727801061,44.17266657191464,36.869977770117394
1727801064,44.17261698081464,36.87036305451739
1727740524,43.70306970911464,39.00310689001739
1727793800,44.25428201991464,37.737054643917396
1727775668,43.78209116301464,38.959146318717394
1727793824,44.25442316371464,37.73385411291739
1727793833,44.25436594331464,37.73266392731739
1727722848,43.70306970911464,39.00310689001739
1727799897,44.24709894501464,36.83655339271739
1727799926,44.24600794151464,36.83532124541739
1727799930,44.24576380091464,36.835199175117395
1727772130,43.70316889131464,39.00313740751739
1727763301,43.70320322351464,39.003045854817394
1727772161,43.70316889131464,39.00313740751739
1727772171,43.70316889131464,39.00313740751739
1727772173,43.70315363251464,39.003141222217394
1727808259,44.11827280361464,36.75814991981739
1727790294,44.370706580514636,38.10304814361739
1727790300,44.37114527061464,38.103357134117395
1727790305,44.37137415251464,38.103471575017394
1727790316,44.371683143014636,38.10324650791739
1727790333,44.37085153901464,38.10246830961739
1727790341,44.36985208831464,38.1017091849174
1727798309,44.277608893714635,37.074342546717396
1727798333,44.27718546231464,37.07065373451739
1727776370,43.83095362031464,38.92567235021739
1727735724,43.70306970911464,39.00310689001739
1727802182,44.11107828461464,36.803575334817396
1727802190,44.11038782441464,36.802659807517394
1727802198,44.10980036101464,36.8022058585174
1727802200,44.10964777311464,36.80192738561739
1727802204,44.10939600311464,36.801454363117394
1727802208,44.10930445031464,36.80098515541739
1727802214,44.10954859101464,36.80018788361739
1727802211,44.10936930021464,36.800618944417394
1727735725,43.70306970911464,39.00310689001739
1727743679,43.70320322351464,39.003045854817394
1727766769,43.70326807341464,39.003118334117396
1727743529,43.70320322351464,39.003045854817394
1727798968,44.27755930261464,36.96760731721739
1727798974,44.27780344331464,36.966619310617396
1727792449,44.25109293301464,37.867353258417396
1727792451,44.25089075401464,37.86710148841739
1727792456,44.25030329071464,37.86641102821739
1727792488,44.24682047211464,37.86298924471739
1727792486,44.24704172451464,37.86317235021739
1727792488,44.24682047211464,37.86298924471739
1727792492,44.246358893714635,37.86253148101739
1727792501,44.245428107614636,37.86157399201739
1727787504,44.18938257531464,38.402044115317395
1727789345,44.35247614221464,38.1987627127174
1727789394,44.35267069181464,38.19746953041739
1727789411,44.352991126414636,38.19536763221739
1727789421,44.35325052581464,38.19362431551739
1727789427,44.35333063441464,38.19251042391739
1727790166,44.36517145471464,38.10236912751739
1727790173,44.36505701381464,38.10183506991739
1727790177,44.36511423431464,38.10161763221739
1727790178,44.36510660491464,38.10154896761739
1727790187,44.36501886681464,38.10095006011739
1727790210,44.36449625331464,38.09953099281739
1727790215,44.364595435414635,38.099195299417396
1727790223,44.36477472621464,38.09890919711739
1727790230,44.365198157614635,38.098893938317396
1727732062,43.70306970911464,39.00310689001739
1727762851,43.70320322351464,39.003045854817394
1727771003,43.70316889131464,39.00313740751739
1727755935,43.70320322351464,39.003045854817394
1727795385,44.26004602751464,37.493867693217396
1727795400,44.25944330531464,37.491605577717394
1727767669,43.70326807341464,39.003118334117396
1727789926,44.36633493741464,38.1086176016174
1727789931,44.36639978721464,38.10843831091739
1727789943,44.36633493741464,38.108079729317396
1727789981,44.36653330171464,38.10806828521739
1727751978,43.70320322351464,39.003045854817394
1727787507,44.18994333581464,38.40201741241739
1727787512,44.19083216031464,38.40184575111739
1727801129,44.17069055871464,36.87834340121739
1727801137,44.170373938914636,36.879308519617396
1727801167,44.16885950401464,36.882535753517395
1727801171,44.16868021331464,36.88294774081739
1727791007,44.31180384001464,38.04457264921739
1727787362,44.16769602141464,38.402086077017394
1727787374,44.16945459681464,38.401601610417394
1727787379,44.16998865441464,38.40108281161739
1727787416,44.17400171601464,38.39763432531739
1727783377,43.98546030361464,38.86853199981739
1727756385,43.70320322351464,39.003045854817394
1727783320,43.977689765314636,38.87017994911739
1727783316,43.97706034021464,38.87017994911739
1727733297,43.70306970911464,39.00310689001739
1727782669,43.90002634361464,38.88738041901739
1727789729,44.35994913421464,38.129419145817394
1727807959,44.11827280361464,36.75814991981739
1727760002,43.70320322351464,39.003045854817394
1727727989,43.70306970911464,39.00310689001739
1727781035,43.76258280121464,38.89208394081739
1727784166,44.00891306241464,38.77915364291739
1727784167,44.00897791221464,38.77913075471739
1727784170,44.00908472381464,38.779039202017394
1727784174,44.00939371421464,38.778783617317394
1727784177,44.00964548431464,38.77855092071739
1727784196,44.01025583581464,38.77657490751739
1727784198,44.01023294761464,38.77647572541739
1727784200,44.01018335661464,38.776387987417394
1727784201,44.010126136114636,38.77633839631739
1727784203,44.009988807014636,38.776231584817396
1727784213,44.00932123501464,38.77586537391739
1727784221,44.00904276211464,38.77551823641739
1727784223,44.00903513271464,38.77538472201739
1727768119,43.70326807341464,39.003118334117396
1727804060,44.11827280361464,36.75814991981739
1727740795,43.70306970911464,39.00310689001739
1727740796,43.70306970911464,39.00310689001739
1727797541,44.31365778291464,37.18839436561739
1727797576,44.31644251191464,37.183011827717394
1727797579,44.31661417321464,37.182477770117394
1727797585,44.31688120201464,37.181295213917394
1727797590,44.31693842251464,37.18029957801739
1727797595,44.31683161101464,37.17937260651739
1727797598,44.31670191131464,37.178811846017396
1727787263,44.15466501551464,38.39945012121739
1727789432,44.35349466641464,38.19169789341739
1727789443,44.353666327814636,38.189473924917394
1727789445,44.35368921601464,38.189016161217396
1727789458,44.35397531831464,38.187013445117394
1727782039,43.84353449181464,38.92302495031739
1727782064,43.84440424281464,38.91932850861739
1727782071,43.844877265314636,38.918084917317394
1727782089,43.84572412811464,38.914876756917394
1727736475,43.70306970911464,39.00310689001739
1727736175,43.70306970911464,39.00310689001739
1727786505,44.09466364221464,38.43984395051739
1727792562,44.240522406914636,37.851869402217396
1727792565,44.24033548671464,37.851331529917395
1727792578,44.23942377411464,37.84901982331739
1727792581,44.23922922451464,37.84853535681739
1727792589,44.238733313914636,37.84718495391739
1727792594,44.238569281914636,37.84643727331739
1727792608,44.23792459801464,37.844262895817394
1727792610,44.237871192314635,37.84395009071739
1727792619,44.23772241911464,37.842515764517394
1727792617,44.237756751414636,37.842851457817396
1727744128,43.70320322351464,39.003045854817394
1727786551,44.096902869514636,38.42912465121739
1727800458,44.20901300751464,36.817945299417396
1727800462,44.20862772301464,36.818357286717394
1727800466,44.20824625331464,36.818731127017394
1727800478,44.20713999111464,36.81992894201739
1727800486,44.20627024011464,36.82069569611739
1727746332,43.70320322351464,39.003045854817394
1727725278,43.70306970911464,39.00310689001739
1727801683,44.14783670741464,36.85360127471739
1727801686,44.14775659881464,36.85326939611739
1727801690,44.147611640314636,36.852823076517396
1727801720,44.14576151211464,36.849256334617394
1727804360,44.11827280361464,36.75814991981739
1727743229,43.70320322351464,39.003045854817394
1727740374,43.70306970911464,39.00310689001739
1727800143,44.23375131921464,36.81674366981739
1727800148,44.233663581214635,36.81649189971739
1727800149,44.23363687831464,36.816404161717394
1727800157,44.233457587514636,36.815751848517394
1727800182,44.232759497914635,36.814550218817395
1727800185,44.23262979821464,36.81442433381739
1727800188,44.23250772791464,36.81430226351739
1727743828,43.70320322351464,39.003045854817394
1727806460,44.11827280361464,36.75814991981739
1727792746,44.24155618981464,37.82723027251739
1727792754,44.242525122914635,37.826825914617395
1727792760,44.243223212514636,37.82635289221739
1727792781,44.24523355801464,37.82507115391739
1727792800,44.247056983314636,37.82391148591739
1727798410,44.27521326381464,37.05818730381739
1727798413,44.27514078461464,37.057802019417394
1727798443,44.27403452241464,37.05356007601739
1727798450,44.27386286101464,37.052411852117395
1727798463,44.27382471401464,37.05039769201739
1727798466,44.27387049041464,37.049993334117396
1727790131,44.36601068811464,38.10414296171739
1727790137,44.36593057951464,38.103982744517396
1727790155,44.36557962731464,38.103193102117395
1727804960,44.11827280361464,36.75814991981739
1727777147,43.76013376551464,38.90049916291739
1727765041,43.70320322351464,39.003045854817394
1727803611,44.11827280361464,36.75814991981739
1727786026,44.10039331751464,38.500539598717396
1727785466,44.08654978111464,38.605123338917394
1727785470,44.08703043301464,38.60502415681739
1727785476,44.087812445914636,38.604703722217394
1727785488,44.089227698614636,38.603917894617396
1727785497,44.08956339201464,38.602895555717396
1727785494,44.08949854211464,38.603265581417396
1727785499,44.08954431851464,38.602559862417394
1727785511,44.08939936001464,38.60048466711739
1727808859,44.11827280361464,36.75814991981739
1727752878,43.70320322351464,39.003045854817394
1727795565,44.24551203091464,37.47110920931739
1727795569,44.245317481314636,37.470563707617394
1727795582,44.24461557701464,37.46888524081739
1727795603,44.24273493131464,37.46812230131739
1727795606,44.242452643714635,37.46804219271739
1727795622,44.24133493741464,37.467405138317396
1727786037,44.09995462731464,38.49836522131739
1727786044,44.09958841641464,38.49694996861739
1727786052,44.09918024381464,38.49554997471739
1727764377,43.70320322351464,39.003045854817394
1727779791,43.760103247914635,38.90098362951739
1727799272,44.274724982614636,36.915529070117394
1727799282,44.27414896331464,36.913995561817394
1727799279,44.274377845114635,36.914457140217394
1727799285,44.27389719331464,36.913549242317394
1727799300,44.27251245811464,36.911905107717395
1727799320,44.27041437461464,36.91022282621739
1727799327,44.26997568451464,36.909181413917395
1727775582,43.77188684781464,38.96312123321739
1727735419,43.70306970911464,39.00310689001739
1727789102,44.350923560414635,38.21091252351739
1727793909,44.25520517671464,37.71922474891739
1727793931,44.25496103601464,37.7156656363174
1727793937,44.25469019251464,37.71450596831739
1727793945,44.25516321501464,37.712968645317396
1727793959,44.25527765591464,37.71027165441739
1727793965,44.25536539391464,37.709081468817395
1727797100,44.28533747041464,37.260442552817395
1727807210,44.11827280361464,36.75814991981739
1727798908,44.27532770471464,36.97780781771739
1727798910,44.27532007531464,36.977464495017394
1727798915,44.275377295814636,36.97652607941739
1727798921,44.27555658661464,36.97536259681739
1727789109,44.350923560414635,38.21091252351739
1727741638,43.70320322351464,39.003045854817394
1727746182,43.70320322351464,39.003045854817394
1727791959,44.286333106314636,37.945829210517395
1727791982,44.286420844414636,37.94227391271739
1727791996,44.28499796231464,37.936902818917396
1727752578,43.70320322351464,39.003045854817394
1727803161,44.11827280361464,36.75814991981739
1727805410,44.11827280361464,36.75814991981739
1727754077,43.70320322351464,39.003045854817394
1727786785,44.11224176721464,38.391927538217395
1727786795,44.11232569061464,38.39098912261739
1727783443,43.994592688914636,38.869260607017395
1727783453,43.99585916831464,38.869378862617395
1727783483,43.99920465791464,38.86968785311739
1727783485,43.99939157801464,38.869748888317396
1727783491,43.99979212121464,38.86990147621739
1727786867,44.11438181241464,38.384256182017396
1727786877,44.114568732614636,38.383374986917396
1727786892,44.11496164641464,38.383027849417395
1727786927,44.11616709071464,38.38238316561739
1727786929,44.11623957001464,38.38252049471739
1727786934,44.11646463711464,38.38292103791739
1727786963,44.11758234341464,38.385537920217395
1727786967,44.11764719331464,38.38575535801739
1727786972,44.11781885461464,38.38610631011739
1727786975,44.11800577481464,38.386377153617396
1727802724,44.11038019501464,36.76303273231739
1727753478,43.70320322351464,39.003045854817394
1727798561,44.27311518031464,37.034295854817394
1727798572,44.27295114831464,37.032487688317396
1727802730,44.11064722381464,36.76297169711739
1727802726,44.11048319181464,36.76298314121739
1727802739,44.11088373501464,36.76296788241739
1727802745,44.11104013761464,36.76291829131739
1727802772,44.11137964561464,36.762002764017396
1727776889,43.75940134361464,38.87066823031739
1727782903,43.92751123741464,38.878675279917395
1727782905,43.927793525014636,38.878511247917395
1727782926,43.93082239471464,38.87680226351739
1727782931,43.93154718711464,38.876420793817395
1727775504,43.76420404751464,38.977941332117396
1727775507,43.76461984951464,38.97784977941739
1727775514,43.765546820914636,38.977124986917396
1727775534,43.767778418814636,38.97400074981739
1727805860,44.11827280361464,36.75814991981739
1727784592,44.02248957001464,38.741533098517394
1727784615,44.02267649011464,38.736631212517395
1727784622,44.02240564661464,38.735353288917395
1727784629,44.02218057951464,38.73396473911739
1727784633,44.02222635581464,38.733194170217395
1727784642,44.02269937831464,38.73143559481739
1727784647,44.02324488001464,38.73036366491739
1727784653,44.02361872041464,38.729101000117396
1727784656,44.02368357021464,38.728517351417395
1727784667,44.02425577481464,38.726312456417396
1727784705,44.02609445891464,38.71818333651739
1727784713,44.026655219414636,38.71653157261739
1727784732,44.02911188441464,38.712968645317396
1727784741,44.03030207001464,38.711713609917396
1727784749,44.03130152061464,38.71122914341739
1727784757,44.03224756561464,38.710359392417395
1727784779,44.034444831214635,38.706758318217396
1727784783,44.03469660121464,38.70611363441739
1727784788,44.03472711881464,38.705129442517396
1727784796,44.03462412201464,38.703405199317395
1727784835,44.03445246061464,38.694898424417396
1727784839,44.03442575771464,38.694036302817395
1727784846,44.03450968101464,38.692617235417394
1727784856,44.035005591714636,38.690728960317394
1727784860,44.03537180261464,38.690107164617395
1727784888,44.03832437831464,38.686269579217395
1727784913,44.04088785491464,38.68293553381739
1727784922,44.04161264741464,38.681642351417395
1727784939,44.04236032801464,38.6784837821174
1727784945,44.042444251414636,38.677415666817396
1727784949,44.04224588711464,38.67679005651739
1727784965,44.04126932461464,38.67431050331739
1727784970,44.041074775014636,38.67337590241739
1727784973,44.041074775014636,38.67286473301739
1727784986,44.04122354821464,38.66998845121739
1727785002,44.042516730614636,38.66758137731739
1727785042,44.046422980614636,38.66150074981739
1727785074,44.04918100671464,38.657548723517394
1727785071,44.048749945914636,38.657808122917395
1727792180,44.26505091031464,37.91402607941739
1727792185,44.26450540861464,37.91351491001739
1727749332,43.70320322351464,39.003045854817394
1727724978,43.70306970911464,39.00310689001739
1727773799,43.703111670814636,39.00317173981739
1727735875,43.70306970911464,39.00310689001739
1727792073,44.27720072111464,37.925462541817396
1727792084,44.275842688914636,37.924154100717395
1727792101,44.27389719331464,37.922277269617396
1727775183,43.70754816371464,38.99985295321739
1727775186,43.70802881561464,38.99985676791739
1727775205,43.71090891201464,39.00026875521739
1727795751,44.24778940521464,37.451711473717396
1727795763,44.24888803801464,37.450380144417394
1727795802,44.25140955291464,37.44679432891739
1727798226,44.27897455531464,37.08790761021739
1727798228,44.278909705514636,37.08758336091739
1727802904,44.118524573614636,36.75852757481739
1727798272,44.27820017181464,37.0802248099174
1727798279,44.27804758391464,37.079034624317394
1727724348,43.70306970911464,39.00310689001739
1727802909,44.11855890591464,36.75834065461739
1727802911,44.11853983241464,36.758279619517396
1727789013,44.35029795011464,38.216035661917395
1727797626,44.31500818571464,37.17379551911739
1727797651,44.314001105614636,37.169481096517394
1727797654,44.31385233241464,37.16900044471739
1727797659,44.31360819181464,37.16824131991739
1727761501,43.70320322351464,39.003045854817394
1727789021,44.35051538781464,38.21409779571739
1727789038,44.350809119514636,38.212098894417394
1727789046,44.35082437831464,38.21164876011739
1727783805,44.00768472991464,38.825731096517394
1727763151,43.70320322351464,39.003045854817394
1727783807,44.00779154141464,38.82548695591739
1727783828,44.00926401451464,38.82258397131739
1727801614,44.15236475311464,36.860658464717396
1727774995,43.70299722991464,39.00266057041739
1727774999,43.70290949181464,39.002588091117396
1727775001,43.70290186241464,39.00252705601739
1727775002,43.70290949181464,39.00249653841739
1727775005,43.70293238001464,39.002393541617394
1727775014,43.70294763881464,39.00189381621739
1727775017,43.70294763881464,39.001653490317395
1727775023,43.70301248871464,39.001096544517395
1727775028,43.703184150014636,39.000745592417395
1727775029,43.70321848231464,39.00070744541739
1727775031,43.70330622041464,39.00068837191739
1727775033,43.70337869961464,39.000745592417395
1727801621,44.15185739831464,36.859937486917396
1727796740,44.253519080514636,37.30728322051739
1727803076,44.118223212514636,36.75824528721739
1727755427,43.70320322351464,39.003045854817394
1727799956,44.24344446501464,36.83471852331739
1727799958,44.24328043301464,36.83461171171739
1727799962,44.24297144251464,36.83427220371739
1727799965,44.24278452241464,36.83388310461739
1727799974,44.24227335291464,36.83262425451739
1727799995,44.24131204921464,36.830003557517394
1727800004,44.24118997891464,36.82913762121739
1727800699,44.18936731651464,36.84397297881739
1727800708,44.188764594414636,36.84558278111739
1727755277,43.70320322351464,39.003045854817394
1727796746,44.253568671514635,37.30625325231739
1727796748,44.25354959801464,37.305902300117395
1727796756,44.25377847991464,37.30449467681739
1727796759,44.25390817961464,37.30405980131739
1727796761,44.254056952814636,37.30380040191739
1727796788,44.25639917691464,37.300828752817395
1727796797,44.25736811001464,37.30037480381739
1727783028,43.93987085661464,38.86657124541739
1727781323,43.76773645721464,38.869439897817394
1727781327,43.76831247651464,38.86948567411739
1727781335,43.769216559714636,38.86966496491739
1727792216,44.26092340791464,37.91000920321739
1727792232,44.25967218711464,37.90765934971739
1727739474,43.70306970911464,39.00310689001739
1727783029,43.93992044761464,38.866510210317394
1727783030,43.939977668114636,38.866468248617394
1727783055,43.94280054411464,38.866330919517395
1727783069,43.944673560414635,38.86636906651739
1727783072,43.94501306851464,38.866426286917395
1727783095,43.94789697961464,38.868120012517394
1727791509,44.29089548431464,38.010209856317395
1727798660,44.27255441981464,37.019464311817394
1727798664,44.27264978721464,37.01893788361739
1727791509,44.29089548431464,38.010209856317395
1727791516,44.29097177821464,38.010278520817394
1727798673,44.27304270111464,37.01766758941739
1727798676,44.27311518031464,37.01721364051739
1727798684,44.273401282614635,37.016042528417394
1727798687,44.27348139131464,37.015630541117396
1727798691,44.27360346161464,37.015046892417395
1727791548,44.29079248741464,38.01003438021739
1727791584,44.29006006561464,38.00820332551739
1727791586,44.28997614221464,38.00801259071739
1727791588,44.28989603361464,38.007791338217395
1727791632,44.28985407191464,38.006604967417395
1727792503,44.24522592861464,37.86136036901739
1727807360,44.11827280361464,36.75814991981739
1727792520,44.24355127651464,37.85943776161739
1727792525,44.24316599211464,37.85871678381739
1727792527,44.24299814541464,37.85836583161739
1727792538,44.24215891201464,37.856187639517394
1727792542,44.24188806851464,37.85548573521739
1727792555,44.24109842621464,37.85315495521739
1727805560,44.11827280361464,36.75814991981739
1727792012,44.285516761114636,37.935941515217394
1727784291,44.00722315151464,38.7703531363174
1727784309,44.00864603361464,38.76738530181739
1727784330,44.01059915861464,38.764089403417394
1727784337,44.011194251414636,38.76305562041739
1727799830,44.25072672211464,36.84406071691739
1727772783,43.70316889131464,39.003141222217394
1727733897,43.70306970911464,39.00310689001739
1727797683,44.31289484341464,37.16404896761739
1727750532,43.70320322351464,39.003045854817394
1727799836,44.25070383391464,36.84338551551739
1727799841,44.250566504814635,36.84274464631739
1727799849,44.250265143714635,36.841775713217395
1727799858,44.24983408291464,36.84069615391739
1727799867,44.24923136071464,36.839635668017394
1727772553,43.70314600311464,39.0031488516174
1727754377,43.70320322351464,39.003045854817394
1727800964,44.17294504481464,36.867860613117394
1727773124,43.703111670814636,39.0031488516174
1727796178,44.26086618741464,37.38462239291739
1727796183,44.260942481314636,37.38357716581739
1727796198,44.26102259001464,37.380395708317394
1727796202,44.26106455171464,37.37966710121739
1727796206,44.26133920991464,37.37897282621739
1727796212,44.26174738251464,37.37788182281739
1727799216,44.27752497041464,36.92344456701739
1727796242,44.26267435391464,37.37210637121739
1727792632,44.23749353721464,37.84043675451739
1727792634,44.23742868741464,37.840123949317395
1727792642,44.23730661711464,37.838846025717395
1727792660,44.23705484711464,37.836011705617395
1727788701,44.35452844941464,38.28681736971739
1727788707,44.35442926721464,38.28591710121739
1727788711,44.35418512661464,38.285367784717394
1727788722,44.35342218711464,38.28387242341739
1727774629,43.703111670814636,39.00317173981739
1727784475,44.01383783661464,38.758630571617395
1727784484,44.01414682701464,38.75794011141739
1727784500,44.01526834801464,38.75567036651739
1727784502,44.01543238001464,38.75538426421739
1727784522,44.01719858491464,38.75234395051739
1727784444,44.01291086511464,38.76017933871739
1727784460,44.01323511441464,38.75966435461739
1727784470,44.013521216714636,38.75901204131739
1727784468,44.01342966401464,38.75915699981739
1727725889,43.70306970911464,39.00310689001739
1727786148,44.091108344414636,38.48245411901739
1727786171,44.089017890314636,38.47955494911739
1727786175,44.08873941741464,38.478956041617394
1727786179,44.08848764741464,38.47823124911739
1727786181,44.08838083581464,38.477823076517396
1727799227,44.27640344941464,36.92230778721739
1727799233,44.275842688914636,36.92172795321739
1727799240,44.275312445914636,36.92086964631739
1727799243,44.27517511681464,36.920415697317395
1727799251,44.27501871421464,36.91914540321739
1727799254,44.27498819671464,36.91863423371739
1727799261,44.27488901451464,36.91747838041739
1727782948,43.93369486171464,38.87498646761739
1727782957,43.934793494514636,38.87417775181739
1727782987,43.93815424281464,38.871473131417396
1727782998,43.93918802581464,38.870557604117394
1727783170,43.95575525601464,38.867654619517396
1727801736,44.14502909021464,36.847074327717394
1727801758,44.14403726891464,36.844476518917396
1727801786,44.141660712514636,36.842191515217394
1727802777,44.11134912811464,36.76171284701739
1727802782,44.11140634851464,36.76138478301739
1727802785,44.11150934541464,36.761258898017395
1727802787,44.111593268714635,36.76119786291739
1727802800,44.11240579921464,36.76101094271739
1727802809,44.11308100061464,36.760839281317395
1727802814,44.11347009971464,36.760679064017395
1727802819,44.11392786341464,36.76054936431739
1727783173,43.95614816981464,38.86766606361739
1727783181,43.95735361421464,38.86766987831739
1727769084,43.70326807341464,39.003118334117396
1727759252,43.70320322351464,39.003045854817394
1727793662,44.25127985321464,37.73426610021739
1727793698,44.25135233241464,37.73415547401739
1727793639,44.24852182701464,37.73852711701739
1727793641,44.24853708581464,37.738382158517396
1727793651,44.25120737391464,37.73546010041739
1727736775,43.70306970911464,39.00310689001739
1727801504,44.15928079921464,36.86517506621739
1727801508,44.15920069061464,36.864888963917394
1727801510,44.15912439661464,36.864820299417396
1727801512,44.159029029214636,36.86482411411739
1727801527,44.15804483731464,36.86562138581739
1727801530,44.15780832611464,36.86573582671739
1727795259,44.25989725431464,37.515764055517394
1727795276,44.25972177821464,37.51298695591739
1727795309,44.25919916471464,37.506933031317395
1727795345,44.25950052581464,37.500860033317394
1727795350,44.25962259611464,37.500020799917394
1727795371,44.26003839811464,37.49616032621739
1727795376,44.26011850671464,37.49531727821739
1727785885,44.09925272301464,38.53015309361739
1727785883,44.099199317314635,38.530576525017395
1727785928,44.10189249351464,38.52075749421739
1727742328,43.70320322351464,39.003045854817394
1727802348,44.11367609341464,36.78815251371739
1727802349,44.11376383141464,36.788133440317395
1727802354,44.11412241301464,36.78782063511739
1727802355,44.11416437461464,36.78772145301739
1727802357,44.11421396571464,36.787481127017394
1727802367,44.11444666221464,36.786065874317394
1727802380,44.11501886681464,36.784620104117394
1727802384,44.11495401701464,36.78428822541739
1727802387,44.11474039391464,36.784139452217396
1727802391,44.114408515314636,36.78394108801739
1727802404,44.11312296231464,36.783860979317396
1727742329,43.70320322351464,39.003045854817394
1727754677,43.70320322351464,39.003045854817394
1727730747,43.70306970911464,39.00310689001739
1727782333,43.86458017671464,38.89619999911739
1727782337,43.86473276451464,38.896112261117395
1727782353,43.86597635581464,38.895536241817396
1727782358,43.866571448614636,38.895391283317394
1727782374,43.86856653531464,38.8946779349174
1727782379,43.86914255461464,38.89452534701739
1727782382,43.86947061851464,38.89452153231739
1727782386,43.86984445891464,38.89465886141739
1727782394,43.87034799891464,38.89500218421739
1727782281,43.86102106411464,38.897741136817395
1727798172,44.28217127161464,37.096334276417394
1727782283,43.86121561371464,38.897622881217394
1727782294,43.86249353721464,38.896856127017394
1727782308,43.86395838101464,38.896299181217394
1727782312,43.86411478361464,38.89619999911739
1727746031,43.70320322351464,39.003045854817394
1727784538,44.01893045741464,38.75078755401739
1727739774,43.70306970911464,39.00310689001739
1727763477,43.70320322351464,39.003045854817394
1727763478,43.70320322351464,39.003045854817394
1727784555,44.02131845791464,38.74895268461739
1727784559,44.021684668814636,38.74849873571739
1727784564,44.02218820891464,38.747514543817395
1727784565,44.02221872651464,38.74733906771739
1727784571,44.02248194061464,38.746217546717396
1727784578,44.02250482871464,38.744844255717396
1727737375,43.70306970911464,39.00310689001739
1727802668,44.107946418114636,36.76784306551739
1727789789,44.36375620201464,38.11673909211739
1727802670,44.10793115931464,36.767694292317394
1727802674,44.10799600921464,36.767396745917395
1727802676,44.10807611781464,36.76725178741739
1727802700,44.10901071861464,36.765073595317396
1727802702,44.10910990081464,36.76491719271739
1727737825,43.70306970911464,39.00310689001739
1727786246,44.08983805021464,38.467012224417395
1727786249,44.08986475311464,38.46696644811739
1727786272,44.08984567961464,38.466874895317396
1727778622,43.760103247914635,38.90098362951739
1727760452,43.70320322351464,39.003045854817394
1727796008,44.25934412321464,37.42070942901739
1727796018,44.25918390591464,37.418664751317394
1727796054,44.25887491541464,37.41124135041739
1727796056,44.25886728601464,37.410650072317395
1727787735,44.22812082611464,38.391229448617395
1727787755,44.23133280121464,38.390462694417394
1727787762,44.23235132531464,38.38994008091739
1727787767,44.23306848841464,38.38943654081739
1727787772,44.23377420741464,38.38877659821739
1727759402,43.70320322351464,39.003045854817394
1727795533,44.248033545814636,37.474534807517394
1727795535,44.24785425501464,37.47431736971739
1727795559,44.245943091714636,37.471868334117396
1727786640,44.10532572111464,38.411622820117394
1727792252,44.25927927331464,37.90323811561739
1727792256,44.25928690271464,37.902349291117396
1727792286,44.25929834681464,37.89593678501739
1727792309,44.259355567314635,37.890786943717394
1727786674,44.108457587514636,38.405275163917395
1727775662,43.78124430021464,38.959729967417395
1727801241,44.16768839201464,36.88443165801739
1727801260,44.16768076261464,36.884443102117395
1727741246,43.70306970911464,39.00310689001739
1727741256,43.70306970911464,39.00310689001739
1727741283,43.70320322351464,39.003045854817394
1727737525,43.70306970911464,39.00310689001739
1727783834,44.00980951631464,38.821267900717395
1727783863,44.00989725431464,38.81548481971739
1727783874,44.009378455514636,38.813104448617395
1727783894,44.00845911341464,38.80944996861739
1727783943,44.00649072961464,38.80026036291739
1727783987,44.00486185391464,38.793107805517394
1727783995,44.00464823081464,38.791810808417395
1727784004,44.00448801361464,38.79068928741739
1727784019,44.00464060151464,38.789300737617395
1727784026,44.00496866541464,38.788759050617394
1727784030,44.00502588591464,38.78858738921739
1727784036,44.00528528531464,38.788343248617394
1727784042,44.00560953461464,38.78831273101739
1727775469,43.75980951631464,38.980264482717395
1727775471,43.76003839811464,38.98000126861739
1727775664,43.781538031914636,38.95963459991739
1727751078,43.70320322351464,39.003045854817394
1727783561,43.998197577814636,38.861211595817394
1727783585,43.99814798671464,38.86041050941739
1727783593,43.99829294521464,38.85954457311739
1727783603,43.99857904751464,38.85780507111739
1727783607,43.99871637661464,38.857030687617396
1727783610,43.99885752041464,38.856427965417396
1727791109,44.30255701381464,38.03178196931739
1727791122,44.30143549281464,38.03019505531739
1727791126,44.30113413171464,38.02982884431739
1727791130,44.30082514131464,38.02947026281739
1727787539,44.19550134971464,38.400117693217396
1727783684,44.00397302941464,38.843873796717396
1727796314,44.26391031581464,37.35903721831739
1727783695,44.00448038421464,38.842893419517395
1727783715,44.00505640351464,38.84057408361739
1727783730,44.005544684714636,38.83876973181739
1727801964,44.12854959801464,36.823659715917394
1727782834,43.916677497214636,38.88382130651739
1727795013,44.24982263881464,37.55677586581739
1727795046,44.25077631311464,37.55153828651739
1727795049,44.25091364221464,37.55105381991739
1727797856,44.30220224701464,37.137655077217396
1727797860,44.30183603601464,37.13713246371739
1727797864,44.30142786341464,37.13675862341739
1727797872,44.30061533291464,37.13622838041739
1727797890,44.29875757531464,37.13445836091739
1727801921,44.13195230801464,36.82879429841739
1727801924,44.13174249961464,36.828450975717395
1727801930,44.13122751551464,36.82781010651739
1727801937,44.13067438441464,36.82681065581739
1727801941,44.13043787321464,36.82620793371739
1727801950,44.12970545131464,36.82507496861739
1727801946,44.13006403291464,36.82549077061739
1727809009,44.11827280361464,36.75814991981739
1727750928,43.70320322351464,39.003045854817394
1727768569,43.70326807341464,39.003118334117396
1727800078,44.237569831214635,36.82095509551739
1727744701,43.70320322351464,39.003045854817394
1727802411,44.112455390314636,36.78373127961739
1727802420,44.11158182461464,36.78396016151739
1727802424,44.11119272551464,36.78384190581739
1727802427,44.11094858491464,36.78366261511739
1727802430,44.11074640591464,36.78346806551739
1727802432,44.110662482614636,36.783296404117394
1727802434,44.110662482614636,36.78311711341739
1727802437,44.11070444421464,36.78280049351739
1727802439,44.110689185414635,36.78263264681739
1727802441,44.110616706214635,36.782483873617394
1727802447,44.11023142181464,36.78210240391739
1727802452,44.10983469331464,36.78173619291739
1727802458,44.10942652061464,36.781114397317396
1727802461,44.10926248871464,36.78075963041739
1727734196,43.70306970911464,39.00310689001739
1727794661,44.42224314051464,37.545736131917394
1727782225,43.85555460291464,38.89810353301739
1727782230,43.85583689051464,38.898065386117395
1727782235,43.85622980431464,38.897977648017395
1727782236,43.856294654214636,38.89794713041739
1727782247,43.85701944671464,38.89773350741739
1727782262,43.85880091031464,38.89765721351739
1727799527,44.251916907614635,36.8855875113174
1727799530,44.25165369351464,36.88541203521739
1727799541,44.25047495201464,36.88463383701739
1727799546,44.24997141201464,36.8842371085174
1727799554,44.249334357614636,36.883416948617395
1727799567,44.24852182701464,36.881837663917395
1727743379,43.70320322351464,39.003045854817394
1727724198,43.70306970911464,39.00310689001739
1727788515,44.33512689911464,38.304017839717396
1727793070,44.38334467251464,37.824060259117395
1727793070,44.38334467251464,37.824060259117395
1727793080,44.38493921601464,37.823293505017396
1727793082,44.38509561851464,37.823125658317394
1727793119,44.39247705781464,37.81758671791739
1727781493,43.78443338711464,38.87754231481739
1727781563,43.79120447471464,38.884004411917395
1727781572,43.79232218101464,38.88461476351739
1727781580,43.793420813914636,38.885045824317395
1727781591,43.79487802821464,38.88578206091739
1727781595,43.79529764491464,38.886304674417396
1727781606,43.79671671231464,38.887788591617394
1727793996,44.25527002651464,37.703615007617394
1727794006,44.25512888271464,37.702688036217396
1727794015,44.25529291471464,37.70109349281739
1727794018,44.255472205514636,37.70053654701739
1727794026,44.256059668814636,37.699201402917396
1727724648,43.70306970911464,39.00310689001739
1727758052,43.70320322351464,39.003045854817394
1727781494,43.78450205171464,38.877649126317394
1727781498,43.78477670991464,38.87810689001739
1727781510,43.78565409021464,38.87955647491739
1727781518,43.78610422451464,38.880540666817396
1727781538,43.78803064661464,38.88219624541739
1727773859,43.703111670814636,39.00317173981739
1727783201,43.960271857614636,38.86771565461739
1727758652,43.70320322351464,39.003045854817394
1727789988,44.36653330171464,38.10806828521739
1727790033,44.36663629851464,38.10683232331739
1727790034,44.36662103971464,38.106771288217395
1727799034,44.27954294521464,36.95541554481739
1727799040,44.27977945641464,36.954316911917395
1727799070,44.28139307341464,36.949125109017395
1727799074,44.28153040251464,36.948407945917396
1727799079,44.281587622914635,36.947427568717394
1727799083,44.28162576991464,36.946714220317396
1727745151,43.70320322351464,39.003045854817394
1727776194,43.843362830514636,38.94078999541739
1727797971,44.29442789391464,37.12396794341739
1727797985,44.294210456214635,37.12234288241739
1727797995,44.293954871514636,37.12124424961739
1727798016,44.29254724821464,37.11875325231739
1727780732,43.760103247914635,38.90073567411739
1727746482,43.70320322351464,39.003045854817394
1727800512,44.20382883391464,36.82337742831739
1727800545,44.20202829681464,36.8282716849174
1727800063,44.23867609341464,36.82235508941739
1727790066,44.366361640314636,38.10600071931739
1727800018,44.24155618981464,36.82707005531739
1727800033,44.241132758414636,36.82504826571739
1727800036,44.24093057951464,36.82474308991739
1727800042,44.24044229821464,36.82419377351739
1727790073,44.36632730801464,38.10574131991739
1727790081,44.36621286711464,38.10545521761739
1727790104,44.366197608314636,38.104959307017396
1727802251,44.11171533901464,36.795060930517394
1727798814,44.27786066371464,36.99513417271739
1727798818,44.27777674041464,36.994535265217394
1727759102,43.70320322351464,39.003045854817394
1727798845,44.27729990321464,36.989446459117396
1727798850,44.27707102141464,36.98859959631739
1727785515,44.08910562831464,38.59983616851739
1727785518,44.08886148771464,38.59941273711739
1727785531,44.08791925751464,38.59746342681739
1727785535,44.08794214561464,38.5968263724174
1727785540,44.088342688914636,38.59626942661739
1727785559,44.08974268281464,38.594426927817395
1727785569,44.09026911101464,38.59367924711739
1727791044,44.30853845911464,38.039975939017395
1727791065,44.30676462491464,38.037271318717394
1727791077,44.30565836271464,38.035878954217395
1727798880,44.27578546841464,36.983236131917394
1727798885,44.27563669521464,36.98231678991739
1727798891,44.27550699551464,36.981092272117394
1727734796,43.70306970911464,39.00310689001739
1727776427,43.819536231314636,38.918088732017395
1727776443,43.81622125941464,38.91742116001739
1727776448,43.81530191741464,38.916852770117394
1727776458,43.81360056241464,38.915643511117395
